Iteration,Obj,KA,Q,V2,V3,CL,FP,error_ADD1,error_PROP1
1,4277.44008646261,-0.693147180559945,4.60517018598809,2.30258509299405,4.60517018598809,2.99573227355399,-1.6094379124341,-6.90775527898214,0.405465108108164
2,2620.18886704435,-0.459750496591009,4.66647553308301,2.00089343754483,4.53893895602893,3.68262045011496,-1.6094379124341,-7.49542776347991,0.234617539330497
3,2738381032.79432,-0.0560693665329387,4.84659367923179,1.69707363078244,3.775670455423,5.25267639699049,-1.6094379124341,-8.27090947044476,-0.0169101240892567
4,16005.135775707,-0.277161337701526,4.69783497395988,1.855439595262,4.36099543121156,4.04296076176166,-1.6094379124341,-7.67650835970721,0.249508666637965
5,2176.69519642905,-0.381919485401198,4.66243707390908,1.93642824955861,4.52078690089032,3.71682509534195,-1.6094379124341,-7.51400032240923,0.294206710129655
6,1820.89820704071,-0.256218047936666,4.6691572163492,1.83519742529718,4.44520865645083,3.86574813753042,-1.6094379124341,-7.59128254538356,0.344641053678615
