"","DOSE","SEX","CMAX","AUCLST","TMAX","LAMZHL","CLFO","VZFO","AUCdose"
"1",10,"M",17.3266666666667,78.47375,1.33333333333333,NA,NA,NA,7.847375
"2",10,"both",17.3266666666667,78.47375,1.33333333333333,NA,NA,NA,7.847375
"3",12.5,"M",11.805,51.2875,6,NA,NA,NA,4.103
"4",12.5,"both",11.805,51.2875,6,NA,NA,NA,4.103
"5",30,"M",46.57,255.059375,3.65,6.23998458018458,135.765421328452,1212.52048141236,8.50197916666667
"6",30,"both",46.57,255.059375,3.65,6.23998458018458,135.765421328452,1212.52048141236,8.50197916666667
"7",100,"M",177.033333333333,1155.73083333333,4.33333333333333,4.79975500379695,132.272729317153,915.933458595346,11.5573083333333
"8",100,"both",177.033333333333,1155.73083333333,4.33333333333333,4.79975500379695,132.272729317153,915.933458595346,11.5573083333333
