"","ID","DOSE","SEX","MULTIPLE","ROUTE","FORMULATION","CMAX","AUCLST","TMAX","LAMZHL","CLO","VZO"
"1","3",2.5,"M","1","IV","1",2550,1591.4175,0.017,5.53525134436816,1.55177117823969,12.3919475421716
"2","4",2.5,"M","1","IV","1",2300,1307.925,0.017,3.95595844545823,1.89808979875603,10.8328571192647
"3","5",2.5,"M","1","IV","1",2690,1376.4925,0.017,1.10435926551714,1.81262271692362,2.88796773392966
