"","DOSE","SEX","CMAX","AUCLST","AUCIFO","TMAX","LAMZHL","CLFO","VZFO","AUCdose"
"1",5,"M",3.77056666666667,9.1698875,16.2741052104231,0.416666666666667,6.6017557841336,329.908912781844,2980.94245473381,1.8339775
"2",5,"both",3.77056666666667,9.1698875,16.2741052104231,0.416666666666667,6.6017557841336,329.908912781844,2980.94245473381,1.8339775
"3",10,"M",7.195,16.8135916666667,27.5537497968413,0.5,5.31522982995125,393.970739331954,2703.88891067485,1.68135916666667
"4",10,"both",7.195,16.8135916666667,27.5537497968413,0.5,5.31522982995125,393.970739331954,2703.88891067485,1.68135916666667
"5",25,"M",8.69383333333333,24.2143458333333,31.8547810995787,0.416666666666667,4.7790159311758,787.095857203834,5433.48811344657,0.968573833333333
"6",25,"both",8.69383333333333,24.2143458333333,31.8547810995787,0.416666666666667,4.7790159311758,787.095857203834,5433.48811344657,0.968573833333333
