"","ID","DOSE","SEX","MULTIPLE","ROUTE","FORMULATION","CMAX","AUCLST","TMAX","LAMZHL","CLO","VZO"
"1","1",10,"M","1","IV","1",5948.31,2306.4969125,0.25,1.09198527355815,4.33331110964649,6.82670585727163
"2","2",10,"M","1","IV","1",9255.616,2903.5974375,0.25,1.92356730120882,3.44177266280759,9.55133561536365
"3","3",10,"M","1","IV","1",3152.184,1060.2118875,0.25,1.82472652559467,9.41782626199587,24.7926528097877
