"CMAX","AUCLST","TMAX","LAMZHL","CLFO","VZFO","STAT","ID","DOSE","SEX","MULTIPLE","ROUTE","FORMULATION","BIOIV","BIO"
3528.18892194259,10976.4420712506,1.5,,,,"mean",,,,,,,1.22662167425463,0.00657897273699142
528.416496330927,676.352599562934,0.866025403784439,,,,"sd",,,,,,,0.474201139733334,0.00657897273699142
4137.54653416192,11444.0788694528,2,,,,,"82",10,"M","1","PO","1",1.39222418908798,0.00657897273699142
3196.3721550138,11284.3244268665,0.5,2.22825244863767,0.806076539433244,2.59128518899916,,"83",10,"M","1","PO","1",1.40464042363539,0.00657897273699142
3250.64807665205,10200.9229174325,2,,,,,"84",10,"M","1","PO","1",0.963083227897001,0.00657897273699142
