"","ID","DOSE","SEX","MULTIPLE","ROUTE","FORMULATION","CMAX","AUCLST","TMAX","LAMZHL","CLO","VZO"
"1","1",10,"M","1","IV","1",7333.591109,1163.3536825458,0.033,0.609088217951479,8.59188461449798,7.54993432197438
"2","2",10,"M","1","IV","1",4663.90779,879.78921796585,0.033,0.62071988524005,11.3565805206143,10.1699257461893
"3","3",10,"M","1","IV","1",3794.482143,443.03310510865,0.033,1.4570577168185,22.5310289341137,47.3622493130404
